text,label
"O atendimento foi péssimo.",ruim
"Gostei muito do produto!",bom
"O serviço foi aceitável.",neutro
"Não recomendo para ninguém.",ruim
"Excelente experiência!",bom
"Achei tudo normal.",neutro
"Horrível, não volto mais.",ruim
"Muito bom, superou minhas expectativas.",bom
"Nada de especial.",neutro
"Fui mal atendido.",ruim
"Produto de ótima qualidade.",bom
"Foi ok, nada demais.",neutro
"Demorou muito para chegar.",ruim
"Recomendo a todos!",bom
"Atendimento razoável.",neutro
"Me decepcionei bastante.",ruim
"Super feliz com a compra!",bom
"Não foi ruim, mas também não foi bom.",neutro
"Péssima qualidade.",ruim
"Tudo perfeito!",bom
"Achei o preço justo.",neutro
"Não gostei do sabor.",ruim
"Muito satisfeito!",bom
"Foi uma experiência comum.",neutro
"Faltou atenção dos funcionários.",ruim
"Voltarei mais vezes.",bom
"Nada a reclamar.",neutro
"Me senti desrespeitado.",ruim
"Amei o atendimento.",bom
"Foi indiferente para mim.",neutro
"Não recomendo, muito ruim.",ruim
"Tudo maravilhoso!",bom
"Achei o ambiente agradável.",neutro
"Fui ignorado pelo garçom.",ruim
"Produto excelente.",bom
"Serviço mediano.",neutro
"Não volto mais.",ruim
"Muito bom mesmo!",bom
"Foi tudo dentro do esperado.",neutro
"Experiência frustrante.",ruim
"Super recomendo!",bom
"Achei o atendimento normal.",neutro
"Não gostei do atendimento.",ruim
"Produto maravilhoso.",bom
"Nada demais.",neutro
"Demorou para ser atendido.",ruim
"Gostei bastante!",bom
"Foi razoável.",neutro
"Me senti mal atendido.",ruim
"Tudo ótimo!",bom
"Serviço ok.",neutro
"Não gostei da comida.",ruim
"Muito bom o serviço.",bom
"Achei tudo comum.",neutro
"Atendimento ruim.",ruim
"Produto muito bom.",bom
"Nada de diferente.",neutro
"Não gostei do ambiente.",ruim
"Excelente serviço.",bom
"Foi tudo normal.",neutro
"Me decepcionei.",ruim
"Gostei do atendimento.",bom
"Achei o serviço aceitável.",neutro
"Não gostei do produto.",ruim
"Muito satisfeito com a compra.",bom
"Foi uma experiência neutra.",neutro
"Atendimento deixou a desejar.",ruim
"Produto ótimo.",bom
"Nada especial.",neutro
"Não gostei do serviço.",ruim
"Muito bom atendimento.",bom
"Achei tudo ok.",neutro
"Fui mal recebido.",ruim
"Produto excelente!",bom
"Serviço normal.",neutro
"Não gostei da experiência.",ruim
"Gostei muito!",bom
"Foi tudo aceitável.",neutro
"Atendimento ruim demais.",ruim
"Produto maravilhoso!",bom
"Nada fora do comum.",neutro
"Não gostei do preço.",ruim
"Muito bom mesmo.",bom
"Achei o atendimento razoável.",neutro
"Fui mal tratado.",ruim
"Produto de qualidade.",bom
"Serviço aceitável.",neutro
"Não gostei do local.",ruim
"Gostei do serviço.",bom
"Foi tudo tranquilo.",neutro
"Atendimento deixou a desejar.",ruim
"Produto ótimo!",bom
"Nada de especial.",neutro
"Não gostei do atendimento.",ruim
"Muito bom o produto.",bom
"Achei tudo normal.",neutro
"Fui mal atendido.",ruim
"Produto excelente.",bom
"Serviço mediano.",neutro
"Não volto mais.",ruim
"Muito bom mesmo!",bom
"Foi tudo dentro do esperado.",neutro
"Experiência frustrante.",ruim
"Super recomendo!",bom
"Achei o atendimento normal.",neutro
"Não gostei do atendimento.",ruim
"Produto maravilhoso.",bom
"Nada demais.",neutro
"Demorou para ser atendido.",ruim
"Gostei bastante!",bom
"Foi razoável.",neutro
"Me senti mal atendido.",ruim
"Tudo ótimo!",bom
"Serviço ok.",neutro
"Não gostei da comida.",ruim
"Muito bom o serviço.",bom
"Achei tudo comum.",neutro
"Atendimento ruim.",ruim
"Produto muito bom.",bom
"Nada de diferente.",neutro
"Não gostei do ambiente.",ruim
"Excelente serviço.",bom
"Foi tudo normal.",neutro
"Me decepcionei.",ruim
"Gostei do atendimento.",bom
"Achei o serviço aceitável.",neutro
"Não gostei do produto.",ruim
"Muito satisfeito com a compra.",bom
"Foi uma experiência neutra.",neutro
"Atendimento deixou a desejar.",ruim
"Produto ótimo.",bom
"Nada especial.",neutro
"Não gostei do serviço.",ruim
"Muito bom atendimento.",bom
"Achei tudo ok.",neutro
"Fui mal recebido.",ruim
"Produto excelente!",bom
"Serviço normal.",neutro
"Não gostei da experiência.",ruim
"Gostei muito!",bom
"Foi tudo aceitável.",neutro
"Atendimento ruim demais.",ruim
"Produto maravilhoso!",bom
"Nada fora do comum.",neutro
"Não gostei do preço.",ruim
"Muito bom mesmo.",bom
"Achei o atendimento razoável.",neutro
"Fui mal tratado.",ruim
"Produto de qualidade.",bom
"Serviço aceitável.",neutro
"Não gostei do local.",ruim
"Gostei do serviço.",bom
"Foi tudo tranquilo.",neutro
"A consultoria demonstrou atendimento excepcional, superando todas as expectativas.  1",bom
"A equipe apresentou suporte incrível durante a implantação do software.  2",bom
"O treinamento foi esclarecedor e ajudou na compreensão dos processos.  3",bom
"A equipe foi muito dedicada e atenciosa em todas as etapas do projeto.  4",bom
"A solução proposta se mostrou inovadora e adaptada às necessidades do cliente.  5",bom
"O serviço foi ágil e proporcionou resultados rápidos.  6",bom
"A metodologia utilizada mostrou-se eficiente, otimizando os processos.  7",bom
"Os resultados foram impressionantes e contribuíram para o crescimento do negócio.  8",bom
"A abordagem profissional conquistou a confiança dos clientes.  9",bom
"O suporte proativo auxiliou na resolução rápida dos problemas.  10",bom
"A consultoria demonstrou atendimento excepcional, agregando valor ao negócio.  11",bom
"A equipe apresentou suporte incrível que facilitou a integração do sistema.  12",bom
"O treinamento foi esclarecedor e possibilitou novos aprendizados.  13",bom
"A dedicação da equipe foi fundamental para o sucesso do projeto.  14",bom
"A solução inovadora permitiu uma abordagem diferenciada no mercado.  15",bom
"O serviço ágil garantiu uma rápida implementação das melhorias.  16",bom
"A metodologia eficiente trouxe resultados consistentes e positivos.  17",bom
"Os resultados impressionantes evidenciaram a qualidade do trabalho.  18",bom
"A abordagem profissional garantiu uma relação de confiança.  19",bom
"O suporte proativo foi decisivo na prevenção de problemas.  20",bom
"A consultoria apresentou um atendimento excepcional desde o primeiro contato.  21",bom
"O suporte incrível ajudou a superar desafios técnicos.  22",bom
"O treinamento bem estruturado facilitou a absorção de conteúdo.  23",bom
"A equipe extremamente dedicada garantiu a excelência do projeto.  24",bom
"A solução inovadora se adaptou perfeitamente às demandas do cliente.  25",bom
"O serviço ágil otimizou os prazos de entrega.  26",bom
"A metodologia eficiente reduziu custos e aumentou a produtividade.  27",bom
"Os impressionantes resultados reforçaram a credibilidade da consultoria.  28",bom
"A abordagem profissional se refletiu em cada etapa do processo.  29",bom
"O suporte proativo eliminou gargalos operacionais.  30",bom
"A consultoria demonstrou atendimento excepcional com soluções criativas.  31",bom
"O suporte incrível proporcionou um ambiente colaborativo.  32",bom
"O treinamento esclarecedor motivou a equipe a inovar.  33",bom
"A equipe dedicada garantiu um projeto bem-sucedido e sem transtornos.  34",bom
"A solução inovadora destacou-se pela robustez e adaptabilidade.  35",bom
"O serviço ágil atendeu a todas as demandas em tempo recorde.  36",bom
"A metodologia eficiente estabeleceu uma nova referência de produtividade.  37",bom
"Os resultados impressionantes evidenciaram a eficácia das estratégias.  38",bom
"A abordagem profissional impulsionou a confiança dos stakeholders.  39",bom
"O suporte proativo previne problemas futuros com acurácia.  40",bom
"A consultoria demonstrou atendimento excepcional em cenários de alta pressão.  41",bom
"O suporte incrível foi determinante para uma rápida transformação digital.  42",bom
"O treinamento foi esclarecedor, abordando temas de alta relevância.  43",bom
"A equipe dedicada mostrou comprometimento em cada detalhe.  44",bom
"A solução inovadora revolucionou o modo de operar do negócio.  45",bom
"O serviço ágil facilitou a realização de mudanças estratégicas.  46",bom
"A metodologia eficiente permitiu a otimização de recursos.  47",bom
"Os resultados impressionantes abriram novas oportunidades de mercado.  48",bom
"A abordagem profissional garantiu transparência em todos os processos.  49",bom
"O suporte proativo foi vital para a manutenção operacional.  50",bom
"A consultoria mostrou atendimento excepcional com foco em resultados.  51",bom
"O suporte incrível ofereceu soluções adaptativas para desafios complexos.  52",bom
"O treinamento esclarecedor incentivou a inovação interna.  53",bom
"A equipe dedicada demonstrou sinergia durante o projeto.  54",bom
"A solução inovadora destacou-se pela flexibilidade e eficácia.  55",bom
"O serviço ágil contribuiu para a redução drástica dos tempos de espera.  56",bom
"A metodologia eficiente gerou processos padronizados e otimizados.  57",bom
"Os resultados impressionantes falaram por si só no mercado.  58",bom
"A abordagem profissional consolidou a imagem da empresa.  59",bom
"O suporte proativo atuou antes mesmo de surgirem problemas.  60",bom
"A consultoria garantiu um atendimento excepcional e personalizado.  61",bom
"O suporte incrível se adaptou a diversas situações com maestria.  62",bom
"O treinamento esclarecedor permitiu a rápida capacitação dos colaboradores.  63",bom
"A equipe dedicada foi crucial para o êxito do projeto.  64",bom
"A solução inovadora proporcionou uma vantagem competitiva significativa.  65",bom
"O serviço ágil mostrou agilidade e precisão.  66",bom
"A metodologia eficiente impulsionou a performance operacional.  67",bom
"Os resultados impressionantes validaram o investimento na consultoria.  68",bom
"A abordagem profissional foi consistente do início ao fim.  69",bom
"O suporte proativo colaborou para a continuidade dos serviços.  70",bom
"A consultoria proporcionou atendimento excepcional com qualidade.  71",bom
"O suporte incrível atuou com soluções inteligentes.  72",bom
"O treinamento esclarecedor abordou casos práticos e reais.  73",bom
"A equipe dedicada mostrou comprometimento além do esperado.  74",bom
"A solução inovadora transformou desafios em oportunidades.  75",bom
"O serviço ágil reforçou a competitividade da empresa.  76",bom
"A metodologia eficiente foi determinante na otimização dos processos.  77",bom
"Os resultados impressionantes elevaram o patamar da organização.  78",bom
"A abordagem profissional gerou confiança e credibilidade.  79",bom
"O suporte proativo garantiu uma operação sem interrupções.  80",bom
"A consultoria apresentou atendimento excepcional de forma consistente.  81",bom
"O suporte incrível abriu caminho para inovações tecnológicas.  82",bom
"O treinamento esclarecedor promoveu um aprendizado prático.  83",bom
"A equipe dedicada atuou com eficiência em todas as frentes.  84",bom
"A solução inovadora impressionou pela sua eficácia.  85",bom
"O serviço ágil reduziu significativamente os tempos de resposta.  86",bom
"A metodologia eficiente promoveu melhorias mensuráveis.  87",bom
"Os resultados impressionantes reforçaram a estratégia adotada.  88",bom
"A abordagem profissional destacou a excelência no atendimento.  89",bom
"O suporte proativo contribuiu para a sustentabilidade do sistema.  90",bom
"A consultoria evidenciou atendimento excepcional e compromisso.  91",bom
"O suporte incrível facilitou a adaptação às novas demandas.  92",bom
"O treinamento esclarecedor foi essencial para a capacitação da equipe.  93",bom
"A equipe dedicada entregou resultados consistentes e de alta qualidade.  94",bom
"A solução inovadora revolucionou o modo de operar da organização.  95",bom
"O serviço ágil demonstrou rapidez e eficiência notáveis.  96",bom
"A metodologia eficiente otimizou fluxos de trabalho com excelência.  97",bom
"Os resultados impressionantes confirmaram a eficácia da estratégia.  98",bom
"A abordagem profissional evidenciou seriedade e rigor técnico.  99",bom
"O suporte proativo assegurou uma operação contínua e sem falhas.  100",bom
"O atendimento mostrou-se insatisfatório, causando atrasos frequentes.  1",ruim
"O suporte se revelou ineficiente diante de problemas críticos.  2",ruim
"O treinamento estava confuso e pouco intuitivo para os participantes.  3",ruim
"A equipe demonstrou desorganização em momentos decisivos.  4",ruim
"A solução apresentou problemas recorrentes, comprometendo a operação.  5",ruim
"O serviço mostrou-se lento e gerou insatisfação nos usuários.  6",ruim
"A metodologia adotada foi inadequada para a realidade do projeto.  7",ruim
"Os resultados foram decepcionantes e abaixo do esperado.  8",ruim
"A abordagem demonstrou ser pouco profissional em diversas situações.  9",ruim
"O suporte foi praticamente inexistente quando mais necessário.  10",ruim
"O atendimento insatisfatório comprometeu o andamento do projeto.  11",ruim
"O suporte ineficiente não resolveu os problemas apresentados.  12",ruim
"O treinamento confuso dificultou a absorção do conteúdo.  13",ruim
"A equipe desorganizada fez faltar coordenação durante o trabalho.  14",ruim
"A solução problemática ocasionou diversas falhas operacionais.  15",ruim
"O serviço lento prejudicou a execução das tarefas essenciais.  16",ruim
"A metodologia inadequada não atendeu às demandas do projeto.  17",ruim
"Os resultados decepcionantes evidenciaram falhas estratégicas.  18",ruim
"A abordagem pouco profissional prejudicou a imagem da empresa.  19",ruim
"O suporte inexistente deixou inúmeras pendências sem solução.  20",ruim
"O atendimento insatisfatório destacou a falta de preparo da equipe.  21",ruim
"O suporte ineficiente agravou os problemas existentes.  22",ruim
"O treinamento confuso não trouxe a clareza necessária.  23",ruim
"A equipe desorganizada gerou descontentamento entre os clientes.  24",ruim
"A solução problemática impediu o alcance dos objetivos.  25",ruim
"O serviço lento afetou a produtividade de toda a operação.  26",ruim
"A metodologia inadequada comprometeu o cronograma previsto.  27",ruim
"Os resultados decepcionantes refletiram falta de estratégia.  28",ruim
"A abordagem pouco profissional prejudicou a confiança do cliente.  29",ruim
"O suporte inexistente causou grandes transtornos durante a implementação.  30",ruim
"O atendimento insatisfatório evidenciou problemas recorrentes de comunicação.  31",ruim
"O suporte ineficiente não ofereceu soluções práticas para os erros.  32",ruim
"O treinamento confuso comprometeu a capacitação adequada dos usuários.  33",ruim
"A equipe desorganizada deixou o projeto sem direção clara.  34",ruim
"A solução problemática falhou em atender as necessidades básicas.  35",ruim
"O serviço lento aumentou a frustração dos envolvidos.  36",ruim
"A metodologia inadequada resultou em retrabalho constante.  37",ruim
"Os resultados decepcionantes demonstraram falhas na execução.  38",ruim
"A abordagem pouco profissional afetou negativamente a moral da equipe.  39",ruim
"O suporte inexistente deixou as questões sem resposta.  40",ruim
"O atendimento insatisfatório foi marcado por respostas evasivas.  41",ruim
"O suporte ineficiente falhou em oferecer ajuda imediata.  42",ruim
"O treinamento confuso apresentou materiais desatualizados.  43",ruim
"A equipe desorganizada não conseguiu cumprir os prazos.  44",ruim
"A solução problemática apresentou instabilidade em momentos críticos.  45",ruim
"O serviço lento foi um grande obstáculo para a produtividade.  46",ruim
"A metodologia inadequada não foi compatível com as demandas do mercado.  47",ruim
"Os resultados decepcionantes evidenciaram uma falha sistêmica.  48",ruim
"A abordagem pouco profissional minou a credibilidade do projeto.  49",ruim
"O suporte inexistente agravou situações já delicadas.  50",ruim
"O atendimento insatisfatório não atendeu aos padrões mínimos de qualidade.  51",ruim
"O suporte ineficiente demonstrou uma falha na estrutura de apoio.  52",ruim
"O treinamento confuso deixou dúvidas persistentes.  53",ruim
"A equipe desorganizada prejudicou a execução de tarefas simples.  54",ruim
"A solução problemática deteriorou a experiência do usuário.  55",ruim
"O serviço lento impactou negativamente os resultados esperados.  56",ruim
"A metodologia inadequada não conseguiu oferecer resultados consistentes.  57",ruim
"Os resultados decepcionantes foram evidentes na prática.  58",ruim
"A abordagem pouco profissional afetou o relacionamento com o cliente.  59",ruim
"O suporte inexistente deixou muitos problemas sem solução.  60",ruim
"O atendimento insatisfatório comprometou seriamente o projeto.  61",ruim
"O suporte ineficiente se mostrou insuficiente em momentos críticos.  62",ruim
"O treinamento confuso não conseguiu engajar os participantes.  63",ruim
"A equipe desorganizada resultou em falhas operacionais.  64",ruim
"A solução problemática apresentou erros frequentes durante o uso.  65",ruim
"O serviço lento prejudicou a experiência dos usuários.  66",ruim
"A metodologia inadequada não atendeu às expectativas básicas.  67",ruim
"Os resultados decepcionantes refletiram uma execução mal planejada.  68",ruim
"A abordagem pouco profissional foi notória em diversas situações.  69",ruim
"O suporte inexistente reforçou a sensação de abandono dos clientes.  70",ruim
"O atendimento insatisfatório contribuiu para um clima negativo.  71",ruim
"O suporte ineficiente não proporcionou a assistência necessária.  72",ruim
"O treinamento confuso deixou os participantes inseguros.  73",ruim
"A equipe desorganizada falhou em cumprir etapas essenciais.  74",ruim
"A solução problemática não se mostrou confiável em momentos decisivos.  75",ruim
"O serviço lento onerou o tempo dos usuários sem justificativa.  76",ruim
"A metodologia inadequada dificultou a implementação prática.  77",ruim
"Os resultados decepcionantes indicaram falhas graves no planejamento.  78",ruim
"A abordagem pouco profissional foi percebida em todas as interações.  79",ruim
"O suporte inexistente atrapalhou soluções imediatas.  80",ruim
"O atendimento insatisfatório deixou claro a falta de preparo.  81",ruim
"O suporte ineficiente agravou problemas que poderiam ser resolvidos facilmente.  82",ruim
"O treinamento confuso não conseguiu passar as informações essenciais.  83",ruim
"A equipe desorganizada foi um entrave para o projeto.  84",ruim
"A solução problemática evidenciou inconsistências críticas.  85",ruim
"O serviço lento provocou atrasos significativos em todas as etapas.  86",ruim
"A metodologia inadequada falhou em atender as mudanças requeridas.  87",ruim
"Os resultados decepcionantes demonstraram deficiências na execução.  88",ruim
"A abordagem pouco profissional afetou negativamente a reputação.  89",ruim
"O suporte inexistente foi um grande desafio durante a crise.  90",ruim
"O atendimento insatisfatório evidenciou uma grave falha operacional.  91",ruim
"O suporte ineficiente não atendeu as demandas emergenciais.  92",ruim
"O treinamento confuso comprometeu a eficácia do aprendizado.  93",ruim
"A equipe desorganizada contribuiu para o caos operacional.  94",ruim
"A solução problemática mostrou-se inconstante em diversas situações.  95",ruim
"O serviço lento demonstrou uma clara deficiência na gestão do tempo.  96",ruim
"A metodologia inadequada impediu o desenvolvimento de uma solução robusta.  97",ruim
"Os resultados decepcionantes foram o culminar de processos mal executados.  98",ruim
"A abordagem pouco profissional comprometeu a credibilidade de toda a operação.  99",ruim
"O suporte inexistente ocasionou a falta de resolução de problemas críticos.  100",ruim
"O atendimento foi regular, sem grandes destaques positivos ou negativos.  1",neutro
"O suporte apresentou um desempenho mediano durante a operação.  2",neutro
"O treinamento foi básico e cumpriu apenas o essencial.  3",neutro
"A equipe atuou de forma adequada, sem sobressaltos notáveis.  4",neutro
"A solução oferecida seguiu um padrão esperado, sem surpresas.  5",neutro
"O serviço mostrou uma performance comum em situações corriqueiras.  6",neutro
"A metodologia aplicada foi simples e direta.  7",neutro
"Os resultados foram aceitáveis, dentro do esperado.  8",neutro
"A abordagem adotada manteve um tom neutro durante todo o processo.  9",neutro
"O suporte básico atendeu às demandas sem exceder expectativas.  10",neutro
"O atendimento foi regular, mantendo o padrão usual.  11",neutro
"O suporte mediano não apresentou falhas graves, mas nem se destacou.  12",neutro
"O treinamento básico foi suficiente para o entendimento inicial.  13",neutro
"A equipe adequada cumpriu suas funções sem inovações.  14",neutro
"A solução padrão funcionou conforme o esperado, sem surpresas.  15",neutro
"O serviço comum atendeu as demandas sem chamar atenção.  16",neutro
"A metodologia simples foi empregada de forma direta.  17",neutro
"Os resultados aceitáveis foram consistentes com a média do mercado.  18",neutro
"A abordagem neutra acomodou as expectativas do cliente.  19",neutro
"O suporte básico mostrou-se suficiente para a rotina.  20",neutro
"O atendimento foi regular e sem maiores destaques.  21",neutro
"O suporte mediano manteve um nível estável durante o período.  22",neutro
"O treinamento básico cumpriu seu papel formativo.  23",neutro
"A equipe adequada conduziu as atividades no padrão esperado.  24",neutro
"A solução padrão se mostrou funcional para a operação diária.  25",neutro
"O serviço comum atendeu aos requisitos mínimos.  26",neutro
"A metodologia simples foi suficiente para o processo.  27",neutro
"Os resultados aceitáveis ficaram dentro da média do setor.  28",neutro
"A abordagem neutra não gerou impactos significativos.  29",neutro
"O suporte básico desempenhou seu papel sem inovações.  30",neutro
"O atendimento foi regular, sem feedback marcante.  31",neutro
"O suporte mediano foi adequado para a situação.  32",neutro
"O treinamento básico atendeu aos requisitos iniciais.  33",neutro
"A equipe adequada operou conforme o esperado.  34",neutro
"A solução padrão funcionou, sem riscos ou surpresas.  35",neutro
"O serviço comum se manteve dentro do standard de qualidade.  36",neutro
"A metodologia simples foi aplicada sem complicações.  37",neutro
"Os resultados aceitáveis foram vistos como suficientes.  38",neutro
"A abordagem neutra refletiu uma postura equilibrada.  39",neutro
"O suporte básico atendeu o esperado sem exceder limites.  40",neutro
"O atendimento foi regular e sem grandes surpresas.  41",neutro
"O suporte mediano apresentou performance estável.  42",neutro
"O treinamento básico cumpriu sua função sem inovações marcantes.  43",neutro
"A equipe adequada trabalhou de forma consistente.  44",neutro
"A solução padrão foi suficiente para demandas cotidianas.  45",neutro
"O serviço comum manteve um funcionamento previsível.  46",neutro
"A metodologia simples garantiu uma execução sem complicações.  47",neutro
"Os resultados aceitáveis foram compatíveis com o esperado.  48",neutro
"A abordagem neutra se traduziu em um desempenho mediano.  49",neutro
"O suporte básico funcionou de forma compatível com os requisitos.  50",neutro
"O atendimento ocorreu de forma regular, sem grandes destaques.  51",neutro
"O suporte funcionou adequadamente, mantendo o padrão esperado.  52",neutro
"O treinamento cumpriu seu papel básico, sem surpresas.  53",neutro
"A equipe apresentou uma atuação mediana, sem ressalvas positivas ou negativas.  54",neutro
"A solução oferecida foi funcional e sem complicações.  55",neutro
"O serviço se manteve estável, sem melhorias ou pioras.  56",neutro
"A metodologia aplicada foi simples e direta ao ponto.  57",neutro
"Os resultados ficaram dentro da média habitual do setor.  58",neutro
"A abordagem adotada não gerou impacto significativo.  59",neutro
"O suporte básico atendeu as necessidades sem inovações.  60",neutro
"O atendimento seguiu o padrão habitual, sem destaques.  61",neutro
"O suporte apresentou respostas coerentes, mas sem entusiasmo.  62",neutro
"O treinamento foi prático, porém sem aprofundamento.  63",neutro
"A equipe trabalhou de forma consistente, sem variações notáveis.  64",neutro
"A solução implementada atendeu de forma neutra às demandas.  65",neutro
"O serviço manteve um ritmo regular ao longo do dia.  66",neutro
"A metodologia usada foi comum e sem surpresas.  67",neutro
"Os resultados atingiram o patamar esperado, sem inovações.  68",neutro
"A abordagem padrão manteve o equilíbrio esperado.  69",neutro
"O suporte proporcionou um atendimento típico, sem destaques.  70",neutro
"O atendimento ocorreu de modo satisfatório, dentro do esperado.  71",neutro
"O suporte se comportou de forma mediana, sem exageros.  72",neutro
"O treinamento apresentou o conteúdo básico, sem aprofundamento.  73",neutro
"A equipe atuou de forma regular sem sobressaltos.  74",neutro
"A solução foi entregue conforme o padrão habitual.  75",neutro
"O serviço funcionou de forma consistente, sem variações extremas.  76",neutro
"A metodologia empregada não apresentou inovações marcantes.  77",neutro
"Os resultados ficaram dentro da norma, sem ressalvas.  78",neutro
"A abordagem foi neutra e sem emoções acentuadas.  79",neutro
"O suporte atendeu o básico, sem excessos.  80",neutro
"O atendimento seguiu a linha tradicional sem grandes variações.  81",neutro
"O suporte operou de forma regular, sem surpresas.  82",neutro
"O treinamento passou os conceitos essenciais de forma direta.  83",neutro
"A equipe se comportou de maneira padronizada e neutra.  84",neutro
"A solução foi implementada de acordo com o esperado.  85",neutro
"O serviço manteve um padrão comum, sem destaques positivos ou negativos.  86",neutro
"A metodologia utilizada resultou em um desempenho habitual.  87",neutro
"Os resultados alcançados foram medianos, sem excessos.  88",neutro
"A abordagem aplicada seguiu o fluxo padrão sem alterações.  89",neutro
"O suporte prestado manteve o nível básico de atendimento.  90",neutro
"O atendimento foi conduzido de forma tradicional, sem inovações.  91",neutro
"O suporte atuou de forma estável e previsível.  92",neutro
"O treinamento cobrindo os itens essenciais ocorreu de modo linear.  93",neutro
"A equipe operou dentro dos parâmetros regulares.  94",neutro
"A solução apresentou-se funcional e sem personalizações.  95",neutro
"O serviço refletiu um desempenho padrão, sem destaques.  96",neutro
"A metodologia seguida foi direta, sem complexidade adicional.  97",neutro
"Os resultados foram consistentes com uma performance neutra.  98",neutro
"A abordagem adotada manteve-se modesta e comum.  99",neutro
"O suporte funcionou conforme o esperado, sem inovações.  100",neutro
"O atendimento ocorreu de forma satisfatória, sem excessos.  101",neutro
"O suporte apresentou respostas adequadas, sem entusiasmo.  102",neutro
"O treinamento foi dividido em módulos básicos e diretos.  103",neutro
"A equipe executou as tarefas com desempenho regular.  104",neutro
"A solução implementada atendeu as necessidades de maneira estável.  105",neutro
"O serviço se manteve com performance constante ao longo do tempo.  106",neutro
"A metodologia aplicada seguiu práticas convencionais.  107",neutro
"Os resultados não apresentaram variações marcantes.  108",neutro
"A abordagem foi neutra, mantendo equilíbrio em todas as etapas.  109",neutro
"O suporte ofereceu um atendimento funcional e previsível.  110",neutro
"O atendimento cumpriu as expectativas básicas.  111",neutro
"O suporte manteve a regularidade, sem surpresas.  112",neutro
"O treinamento abordou os temas essenciais de forma simples.  113",neutro
"A equipe atuou sem variações dramáticas, de forma consistente.  114",neutro
"A solução entregue se fitou ao perfil esperado da operação.  115",neutro
"O serviço apresentou-se uniforme durante todo o período.  116",neutro
"A metodologia adotada seguiu um padrão reconhecido.  117",neutro
"Os resultados ficaram dentro da linha esperada, sem surpresas.  118",neutro
"A abordagem neutra não evidenciou tendências extremas.  119",neutro
"O suporte foi prestado de forma adequada e sem inovações.  120",neutro
"O atendimento manteve um padrão regular, sem pontos altos ou baixos.  121",neutro
"O suporte atendeu de forma convencional, sem alterações.  122",neutro
"O treinamento ofereceu uma visão básica do conteúdo.  123",neutro
"A equipe desempenhou suas funções de maneira rotineira.  124",neutro
"A solução apresentou funcionalidade conforme o previsto.  125",neutro
"O serviço operou de forma habitual, sem inovações.  126",neutro
"A metodologia utilizada confirmou o padrão convencional.  127",neutro
"Os resultados seguiram a tendência prática do setor.  128",neutro
"A abordagem adotada foi neutra e alinhada ao esperado.  129",neutro
"O suporte fornecido foi básico, sem entusiasmo.  130",neutro
"O atendimento não apresentou surpresas, mantendo a regularidade.  131",neutro
"O suporte mostrou-se adequado, mas sem diferenciais.  132",neutro
"O treinamento ocorreu de forma linear e sem maiores destaques.  133",neutro
"A equipe manteve uma atuação consistente, sem inovações.  134",neutro
"A solução funcionou conforme os parâmetros tradicionais.  135",neutro
"O serviço foi realizado dentro dos limites esperados.  136",neutro
"A metodologia seguida foi típica, sem complicações.  137",neutro
"Os resultados foram medianos e coerentes com o padrão.  138",neutro
"A abordagem foi aplicada de forma uniforme e habitual.  139",neutro
"O suporte atendeu as demandas de forma previsível e estável.  140",neutro
"O atendimento ocorreu sem grandes variações, mantendo o padrão.  141",neutro
"O suporte funcionou de maneira rotineira, sem extras.  142",neutro
"O treinamento ofereceu informações básicas sem aprofundamento.  143",neutro
"A equipe cumpriu suas funções dentro do esperado, sem surpresas.  144",neutro
"A solução adotada mostrou-se compatível com o comum.  145",neutro
"O serviço apresentou um desempenho habitual, sem destaques.  146",neutro
"A metodologia praticada foi a usual e sem variações.  147",neutro
"Os resultados confirmaram um padrão neutro esperado pelo time.  148",neutro
"A abordagem permaneceu sem tendências fortes.  149",neutro
"O suporte básico foi prestado sem alterações significativas.  150",neutro